1,admin,admin,ROLE_ADMIN,3000,3,FALSE,FALSE,admin@gmail.com
2,john,tipp,ROLE_USER,200,1,FALSE,FALSE,18250076@studentmail.ul.ie
3,mike,limerick,ROLE_USER,1700,2,FALSE,TRUE,18221726@studentmail.ul.ie
4,bandi,galway,ROLE_USER,3050,3,FALSE,TRUE,18246923@studentmail.ul.ie
5,aaron,sligo,ROLE_USER,1000,2,FALSE,FALSE,18232086@studentmail.ul.ie
6,eireann,kerry,ROLE_USER,1500,2,FALSE,FALSE,eireann@gmail.com
7,sean,cork,ROLE_USER,2000,3,TRUE,FALSE,sean@gmail.com
8,aimee,mayo,ROLE_USER,2500,3,FALSE,FALSE,aimee@gmail.com
9,test,test,ROLE_USER,1,1,FALSE,FALSE,test123@gmail.com
10,test2,test,ROLE_USER,1,2,FALSE,FALSE,testemail
11,test3,test,ROLE_USER,1,3,FALSE,FALSE,testmail